{
  "type": "Feature",
  "geometry": {
    "type": "Point",
    "coordinates": [
      46.554813,
      4.940522
    ]
  },
  "properties": {
    "layers": [
      {
        "name": "cec",
        "unit_measure": {
          "d_factor": 10,
          "mapped_units": "mmol(c)/kg",
          "target_units": "cmol(c)/kg",
          "uncertainty_unit": ""
        },
        "depths": [
          {
            "range": {
              "top_depth": 0,
              "bottom_depth": 5,
              "unit_depth": "cm"
            },
            "label": "0-5cm",
            "values": {
              "Q0.05": 37,
              "Q0.5": 171,
              "Q0.95": 685,
              "mean": 239,
              "uncertainty": 38
            }
          },
          {
            "range": {
              "top_depth": 5,
              "bottom_depth": 15,
              "unit_depth": "cm"
            },
            "label": "5-15cm",
            "values": {
              "Q0.05": 40,
              "Q0.5": 192,
              "Q0.95": 659,
              "mean": 233,
              "uncertainty": 32
            }
          },
          {
            "range": {
              "top_depth": 15,
              "bottom_depth": 30,
              "unit_depth": "cm"
            },
            "label": "15-30cm",
            "values": {
              "Q0.05": 39,
              "Q0.5": 194,
              "Q0.95": 659,
              "mean": 233,
              "uncertainty": 32
            }
          },
          {
            "range": {
              "top_depth": 30,
              "bottom_depth": 60,
              "unit_depth": "cm"
            },
            "label": "30-60cm",
            "values": {
              "Q0.05": 37,
              "Q0.5": 194,
              "Q0.95": 659,
              "mean": 231,
              "uncertainty": 32
            }
          },
          {
            "range": {
              "top_depth": 60,
              "bottom_depth": 100,
              "unit_depth": "cm"
            },
            "label": "60-100cm",
            "values": {
              "Q0.05": 39,
              "Q0.5": 196,
              "Q0.95": 659,
              "mean": 230,
              "uncertainty": 32
            }
          },
          {
            "range": {
              "top_depth": 100,
              "bottom_depth": 200,
              "unit_depth": "cm"
            },
            "label": "100-200cm",
            "values": {
              "Q0.05": 37,
              "Q0.5": 200,
              "Q0.95": 659,
              "mean": 232,
              "uncertainty": 31
            }
          }
        ]
      },
      {
        "name": "cfvo",
        "unit_measure": {
          "d_factor": 10,
          "mapped_units": "cm³/dm³",
          "target_units": "cm³/100cm³",
          "uncertainty_unit": ""
        },
        "depths": [
          {
            "range": {
              "top_depth": 0,
              "bottom_depth": 5,
              "unit_depth": "cm"
            },
            "label": "0-5cm",
            "values": {
              "Q0.05": 0,
              "Q0.5": 20,
              "Q0.95": 802,
              "mean": 131,
              "uncertainty": 401
            }
          },
          {
            "range": {
              "top_depth": 5,
              "bottom_depth": 15,
              "unit_depth": "cm"
            },
            "label": "5-15cm",
            "values": {
              "Q0.05": 0,
              "Q0.5": 16,
              "Q0.95": 900,
              "mean": 131,
              "uncertainty": 545
            }
          },
          {
            "range": {
              "top_depth": 15,
              "bottom_depth": 30,
              "unit_depth": "cm"
            },
            "label": "15-30cm",
            "values": {
              "Q0.05": 0,
              "Q0.5": 22,
              "Q0.95": 900,
              "mean": 146,
              "uncertainty": 402
            }
          },
          {
            "range": {
              "top_depth": 30,
              "bottom_depth": 60,
              "unit_depth": "cm"
            },
            "label": "30-60cm",
            "values": {
              "Q0.05": 0,
              "Q0.5": 30,
              "Q0.95": 950,
              "mean": 212,
              "uncertainty": 317
            }
          },
          {
            "range": {
              "top_depth": 60,
              "bottom_depth": 100,
              "unit_depth": "cm"
            },
            "label": "60-100cm",
            "values": {
              "Q0.05": 0,
              "Q0.5": 100,
              "Q0.95": 950,
              "mean": 255,
              "uncertainty": 95
            }
          },
          {
            "range": {
              "top_depth": 100,
              "bottom_depth": 200,
              "unit_depth": "cm"
            },
            "label": "100-200cm",
            "values": {
              "Q0.05": 0,
              "Q0.5": 100,
              "Q0.95": 950,
              "mean": 305,
              "uncertainty": 95
            }
          }
        ]
      },
      {
        "name": "clay",
        "unit_measure": {
          "d_factor": 10,
          "mapped_units": "g/kg",
          "target_units": "%",
          "uncertainty_unit": ""
        },
        "depths": [
          {
            "range": {
              "top_depth": 0,
              "bottom_depth": 5,
              "unit_depth": "cm"
            },
            "label": "0-5cm",
            "values": {
              "Q0.05": 36,
              "Q0.5": 258,
              "Q0.95": 810,
              "mean": 320,
              "uncertainty": 30
            }
          },
          {
            "range": {
              "top_depth": 5,
              "bottom_depth": 15,
              "unit_depth": "cm"
            },
            "label": "5-15cm",
            "values": {
              "Q0.05": 46,
              "Q0.5": 283,
              "Q0.95": 809,
              "mean": 331,
              "uncertainty": 27
            }
          },
          {
            "range": {
              "top_depth": 15,
              "bottom_depth": 30,
              "unit_depth": "cm"
            },
            "label": "15-30cm",
            "values": {
              "Q0.05": 51,
              "Q0.5": 295,
              "Q0.95": 745,
              "mean": 324,
              "uncertainty": 24
            }
          },
          {
            "range": {
              "top_depth": 30,
              "bottom_depth": 60,
              "unit_depth": "cm"
            },
            "label": "30-60cm",
            "values": {
              "Q0.05": 54,
              "Q0.5": 297,
              "Q0.95": 720,
              "mean": 329,
              "uncertainty": 22
            }
          },
          {
            "range": {
              "top_depth": 60,
              "bottom_depth": 100,
              "unit_depth": "cm"
            },
            "label": "60-100cm",
            "values": {
              "Q0.05": 55,
              "Q0.5": 294,
              "Q0.95": 724,
              "mean": 328,
              "uncertainty": 23
            }
          },
          {
            "range": {
              "top_depth": 100,
              "bottom_depth": 200,
              "unit_depth": "cm"
            },
            "label": "100-200cm",
            "values": {
              "Q0.05": 49,
              "Q0.5": 290,
              "Q0.95": 704,
              "mean": 324,
              "uncertainty": 23
            }
          }
        ]
      },
      {
        "name": "nitrogen",
        "unit_measure": {
          "d_factor": 100,
          "mapped_units": "cg/kg",
          "target_units": "g/kg",
          "uncertainty_unit": ""
        },
        "depths": [
          {
            "range": {
              "top_depth": 0,
              "bottom_depth": 5,
              "unit_depth": "cm"
            },
            "label": "0-5cm",
            "values": {
              "Q0.05": 20,
              "Q0.5": 80,
              "Q0.95": 351,
              "mean": 135,
              "uncertainty": 41
            }
          },
          {
            "range": {
              "top_depth": 5,
              "bottom_depth": 15,
              "unit_depth": "cm"
            },
            "label": "5-15cm",
            "values": {
              "Q0.05": 19,
              "Q0.5": 70,
              "Q0.95": 240,
              "mean": 86,
              "uncertainty": 32
            }
          },
          {
            "range": {
              "top_depth": 15,
              "bottom_depth": 30,
              "unit_depth": "cm"
            },
            "label": "15-30cm",
            "values": {
              "Q0.05": 20,
              "Q0.5": 60,
              "Q0.95": 290,
              "mean": 85,
              "uncertainty": 45
            }
          },
          {
            "range": {
              "top_depth": 30,
              "bottom_depth": 60,
              "unit_depth": "cm"
            },
            "label": "30-60cm",
            "values": {
              "Q0.05": 13,
              "Q0.5": 40,
              "Q0.95": 150,
              "mean": 54,
              "uncertainty": 34
            }
          },
          {
            "range": {
              "top_depth": 60,
              "bottom_depth": 100,
              "unit_depth": "cm"
            },
            "label": "60-100cm",
            "values": {
              "Q0.05": 10,
              "Q0.5": 30,
              "Q0.95": 80,
              "mean": 37,
              "uncertainty": 23
            }
          },
          {
            "range": {
              "top_depth": 100,
              "bottom_depth": 200,
              "unit_depth": "cm"
            },
            "label": "100-200cm",
            "values": {
              "Q0.05": 5,
              "Q0.5": 30,
              "Q0.95": 77,
              "mean": 33,
              "uncertainty": 24
            }
          }
        ]
      },
      {
        "name": "ocd",
        "unit_measure": {
          "d_factor": 10,
          "mapped_units": "dg/dm³",
          "target_units": "hg/m³",
          "uncertainty_unit": ""
        },
        "depths": [
          {
            "range": {
              "top_depth": 0,
              "bottom_depth": 5,
              "unit_depth": "cm"
            },
            "label": "0-5cm",
            "values": {
              "Q0.05": 47,
              "Q0.5": 166,
              "Q0.95": 655,
              "mean": 230,
              "uncertainty": 37
            }
          },
          {
            "range": {
              "top_depth": 5,
              "bottom_depth": 15,
              "unit_depth": "cm"
            },
            "label": "5-15cm",
            "values": {
              "Q0.05": 49,
              "Q0.5": 163,
              "Q0.95": 414,
              "mean": 196,
              "uncertainty": 22
            }
          },
          {
            "range": {
              "top_depth": 15,
              "bottom_depth": 30,
              "unit_depth": "cm"
            },
            "label": "15-30cm",
            "values": {
              "Q0.05": 37,
              "Q0.5": 110,
              "Q0.95": 340,
              "mean": 135,
              "uncertainty": 28
            }
          },
          {
            "range": {
              "top_depth": 30,
              "bottom_depth": 60,
              "unit_depth": "cm"
            },
            "label": "30-60cm",
            "values": {
              "Q0.05": 31,
              "Q0.5": 75,
              "Q0.95": 316,
              "mean": 112,
              "uncertainty": 38
            }
          },
          {
            "range": {
              "top_depth": 60,
              "bottom_depth": 100,
              "unit_depth": "cm"
            },
            "label": "60-100cm",
            "values": {
              "Q0.05": 18,
              "Q0.5": 59,
              "Q0.95": 130,
              "mean": 82,
              "uncertainty": 19
            }
          },
          {
            "range": {
              "top_depth": 100,
              "bottom_depth": 200,
              "unit_depth": "cm"
            },
            "label": "100-200cm",
            "values": {
              "Q0.05": 12,
              "Q0.5": 31,
              "Q0.95": 290,
              "mean": 69,
              "uncertainty": 90
            }
          }
        ]
      },
      {
        "name": "ocs",
        "unit_measure": {
          "d_factor": 10,
          "mapped_units": "t/ha",
          "target_units": "kg/m²",
          "uncertainty_unit": ""
        },
        "depths": [
          {
            "range": {
              "top_depth": 0,
              "bottom_depth": 30,
              "unit_depth": "cm"
            },
            "label": "0-30cm",
            "values": {
              "Q0.05": 7,
              "Q0.5": 30,
              "Q0.95": 78,
              "mean": 33,
              "uncertainty": 24
            }
          }
        ]
      },
      {
        "name": "phh2o",
        "unit_measure": {
          "d_factor": 10,
          "mapped_units": "pH*10",
          "target_units": "-",
          "uncertainty_unit": ""
        },
        "depths": [
          {
            "range": {
              "top_depth": 0,
              "bottom_depth": 5,
              "unit_depth": "cm"
            },
            "label": "0-5cm",
            "values": {
              "Q0.05": 63,
              "Q0.5": 80,
              "Q0.95": 87,
              "mean": 79,
              "uncertainty": 3
            }
          },
          {
            "range": {
              "top_depth": 5,
              "bottom_depth": 15,
              "unit_depth": "cm"
            },
            "label": "5-15cm",
            "values": {
              "Q0.05": 65,
              "Q0.5": 80,
              "Q0.95": 87,
              "mean": 79,
              "uncertainty": 3
            }
          },
          {
            "range": {
              "top_depth": 15,
              "bottom_depth": 30,
              "unit_depth": "cm"
            },
            "label": "15-30cm",
            "values": {
              "Q0.05": 65,
              "Q0.5": 80,
              "Q0.95": 87,
              "mean": 79,
              "uncertainty": 3
            }
          },
          {
            "range": {
              "top_depth": 30,
              "bottom_depth": 60,
              "unit_depth": "cm"
            },
            "label": "30-60cm",
            "values": {
              "Q0.05": 61,
              "Q0.5": 80,
              "Q0.95": 87,
              "mean": 79,
              "uncertainty": 3
            }
          },
          {
            "range": {
              "top_depth": 60,
              "bottom_depth": 100,
              "unit_depth": "cm"
            },
            "label": "60-100cm",
            "values": {
              "Q0.05": 55,
              "Q0.5": 80,
              "Q0.95": 88,
              "mean": 79,
              "uncertainty": 4
            }
          },
          {
            "range": {
              "top_depth": 100,
              "bottom_depth": 200,
              "unit_depth": "cm"
            },
            "label": "100-200cm",
            "values": {
              "Q0.05": 54,
              "Q0.5": 80,
              "Q0.95": 89,
              "mean": 78,
              "uncertainty": 4
            }
          }
        ]
      },
      {
        "name": "sand",
        "unit_measure": {
          "d_factor": 10,
          "mapped_units": "g/kg",
          "target_units": "%",
          "uncertainty_unit": ""
        },
        "depths": [
          {
            "range": {
              "top_depth": 0,
              "bottom_depth": 5,
              "unit_depth": "cm"
            },
            "label": "0-5cm",
            "values": {
              "Q0.05": 67,
              "Q0.5": 372,
              "Q0.95": 692,
              "mean": 370,
              "uncertainty": 17
            }
          },
          {
            "range": {
              "top_depth": 5,
              "bottom_depth": 15,
              "unit_depth": "cm"
            },
            "label": "5-15cm",
            "values": {
              "Q0.05": 82,
              "Q0.5": 367,
              "Q0.95": 668,
              "mean": 363,
              "uncertainty": 16
            }
          },
          {
            "range": {
              "top_depth": 15,
              "bottom_depth": 30,
              "unit_depth": "cm"
            },
            "label": "15-30cm",
            "values": {
              "Q0.05": 95,
              "Q0.5": 354,
              "Q0.95": 676,
              "mean": 367,
              "uncertainty": 16
            }
          },
          {
            "range": {
              "top_depth": 30,
              "bottom_depth": 60,
              "unit_depth": "cm"
            },
            "label": "30-60cm",
            "values": {
              "Q0.05": 93,
              "Q0.5": 351,
              "Q0.95": 651,
              "mean": 363,
              "uncertainty": 16
            }
          },
          {
            "range": {
              "top_depth": 60,
              "bottom_depth": 100,
              "unit_depth": "cm"
            },
            "label": "60-100cm",
            "values": {
              "Q0.05": 93,
              "Q0.5": 350,
              "Q0.95": 661,
              "mean": 365,
              "uncertainty": 16
            }
          },
          {
            "range": {
              "top_depth": 100,
              "bottom_depth": 200,
              "unit_depth": "cm"
            },
            "label": "100-200cm",
            "values": {
              "Q0.05": 88,
              "Q0.5": 361,
              "Q0.95": 665,
              "mean": 368,
              "uncertainty": 16
            }
          }
        ]
      },
      {
        "name": "silt",
        "unit_measure": {
          "d_factor": 10,
          "mapped_units": "g/kg",
          "target_units": "%",
          "uncertainty_unit": ""
        },
        "depths": [
          {
            "range": {
              "top_depth": 0,
              "bottom_depth": 5,
              "unit_depth": "cm"
            },
            "label": "0-5cm",
            "values": {
              "Q0.05": 24,
              "Q0.5": 264,
              "Q0.95": 710,
              "mean": 310,
              "uncertainty": 26
            }
          },
          {
            "range": {
              "top_depth": 5,
              "bottom_depth": 15,
              "unit_depth": "cm"
            },
            "label": "5-15cm",
            "values": {
              "Q0.05": 22,
              "Q0.5": 253,
              "Q0.95": 707,
              "mean": 306,
              "uncertainty": 27
            }
          },
          {
            "range": {
              "top_depth": 15,
              "bottom_depth": 30,
              "unit_depth": "cm"
            },
            "label": "15-30cm",
            "values": {
              "Q0.05": 25,
              "Q0.5": 268,
              "Q0.95": 712,
              "mean": 310,
              "uncertainty": 26
            }
          },
          {
            "range": {
              "top_depth": 30,
              "bottom_depth": 60,
              "unit_depth": "cm"
            },
            "label": "30-60cm",
            "values": {
              "Q0.05": 34,
              "Q0.5": 268,
              "Q0.95": 707,
              "mean": 308,
              "uncertainty": 25
            }
          },
          {
            "range": {
              "top_depth": 60,
              "bottom_depth": 100,
              "unit_depth": "cm"
            },
            "label": "60-100cm",
            "values": {
              "Q0.05": 29,
              "Q0.5": 266,
              "Q0.95": 704,
              "mean": 307,
              "uncertainty": 25
            }
          },
          {
            "range": {
              "top_depth": 100,
              "bottom_depth": 200,
              "unit_depth": "cm"
            },
            "label": "100-200cm",
            "values": {
              "Q0.05": 45,
              "Q0.5": 261,
              "Q0.95": 736,
              "mean": 308,
              "uncertainty": 26
            }
          }
        ]
      },
      {
        "name": "soc",
        "unit_measure": {
          "d_factor": 10,
          "mapped_units": "dg/kg",
          "target_units": "g/kg",
          "uncertainty_unit": ""
        },
        "depths": [
          {
            "range": {
              "top_depth": 0,
              "bottom_depth": 5,
              "unit_depth": "cm"
            },
            "label": "0-5cm",
            "values": {
              "Q0.05": 23,
              "Q0.5": 97,
              "Q0.95": 580,
              "mean": 176,
              "uncertainty": 57
            }
          },
          {
            "range": {
              "top_depth": 5,
              "bottom_depth": 15,
              "unit_depth": "cm"
            },
            "label": "5-15cm",
            "values": {
              "Q0.05": 24,
              "Q0.5": 80,
              "Q0.95": 322,
              "mean": 117,
              "uncertainty": 37
            }
          },
          {
            "range": {
              "top_depth": 15,
              "bottom_depth": 30,
              "unit_depth": "cm"
            },
            "label": "15-30cm",
            "values": {
              "Q0.05": 17,
              "Q0.5": 53,
              "Q0.95": 233,
              "mean": 88,
              "uncertainty": 41
            }
          },
          {
            "range": {
              "top_depth": 30,
              "bottom_depth": 60,
              "unit_depth": "cm"
            },
            "label": "30-60cm",
            "values": {
              "Q0.05": 10,
              "Q0.5": 41,
              "Q0.95": 153,
              "mean": 59,
              "uncertainty": 35
            }
          },
          {
            "range": {
              "top_depth": 60,
              "bottom_depth": 100,
              "unit_depth": "cm"
            },
            "label": "60-100cm",
            "values": {
              "Q0.05": 8,
              "Q0.5": 32,
              "Q0.95": 180,
              "mean": 51,
              "uncertainty": 54
            }
          },
          {
            "range": {
              "top_depth": 100,
              "bottom_depth": 200,
              "unit_depth": "cm"
            },
            "label": "100-200cm",
            "values": {
              "Q0.05": 6,
              "Q0.5": 30,
              "Q0.95": 112,
              "mean": 43,
              "uncertainty": 35
            }
          }
        ]
      },
      {
        "name": "wv0010",
        "unit_measure": {
          "d_factor": 10,
          "mapped_units": "(10-2 cm³/cm³)*10",
          "target_units": "10-2 cm³/cm³",
          "uncertainty_unit": ""
        },
        "depths": [
          {
            "range": {
              "top_depth": 0,
              "bottom_depth": 5,
              "unit_depth": "cm"
            },
            "label": "0-5cm",
            "values": {
              "Q0.05": 184,
              "Q0.5": 360,
              "Q0.95": 477,
              "mean": 350,
              "uncertainty": 8
            }
          },
          {
            "range": {
              "top_depth": 5,
              "bottom_depth": 15,
              "unit_depth": "cm"
            },
            "label": "5-15cm",
            "values": {
              "Q0.05": 174,
              "Q0.5": 360,
              "Q0.95": 477,
              "mean": 349,
              "uncertainty": 8
            }
          },
          {
            "range": {
              "top_depth": 15,
              "bottom_depth": 30,
              "unit_depth": "cm"
            },
            "label": "15-30cm",
            "values": {
              "Q0.05": 184,
              "Q0.5": 362,
              "Q0.95": 477,
              "mean": 353,
              "uncertainty": 8
            }
          },
          {
            "range": {
              "top_depth": 30,
              "bottom_depth": 60,
              "unit_depth": "cm"
            },
            "label": "30-60cm",
            "values": {
              "Q0.05": 173,
              "Q0.5": 360,
              "Q0.95": 480,
              "mean": 351,
              "uncertainty": 9
            }
          },
          {
            "range": {
              "top_depth": 60,
              "bottom_depth": 100,
              "unit_depth": "cm"
            },
            "label": "60-100cm",
            "values": {
              "Q0.05": 174,
              "Q0.5": 360,
              "Q0.95": 480,
              "mean": 348,
              "uncertainty": 9
            }
          },
          {
            "range": {
              "top_depth": 100,
              "bottom_depth": 200,
              "unit_depth": "cm"
            },
            "label": "100-200cm",
            "values": {
              "Q0.05": 173,
              "Q0.5": 361,
              "Q0.95": 486,
              "mean": 350,
              "uncertainty": 9
            }
          }
        ]
      },
      {
        "name": "wv0033",
        "unit_measure": {
          "d_factor": 10,
          "mapped_units": "(10-2 cm³/cm³)*10",
          "target_units": "10-2 cm³/cm³",
          "uncertainty_unit": ""
        },
        "depths": [
          {
            "range": {
              "top_depth": 0,
              "bottom_depth": 5,
              "unit_depth": "cm"
            },
            "label": "0-5cm",
            "values": {
              "Q0.05": 73,
              "Q0.5": 240,
              "Q0.95": 418,
              "mean": 242,
              "uncertainty": 14
            }
          },
          {
            "range": {
              "top_depth": 5,
              "bottom_depth": 15,
              "unit_depth": "cm"
            },
            "label": "5-15cm",
            "values": {
              "Q0.05": 70,
              "Q0.5": 260,
              "Q0.95": 427,
              "mean": 250,
              "uncertainty": 14
            }
          },
          {
            "range": {
              "top_depth": 15,
              "bottom_depth": 30,
              "unit_depth": "cm"
            },
            "label": "15-30cm",
            "values": {
              "Q0.05": 66,
              "Q0.5": 286,
              "Q0.95": 427,
              "mean": 255,
              "uncertainty": 13
            }
          },
          {
            "range": {
              "top_depth": 30,
              "bottom_depth": 60,
              "unit_depth": "cm"
            },
            "label": "30-60cm",
            "values": {
              "Q0.05": 70,
              "Q0.5": 296,
              "Q0.95": 430,
              "mean": 268,
              "uncertainty": 12
            }
          },
          {
            "range": {
              "top_depth": 60,
              "bottom_depth": 100,
              "unit_depth": "cm"
            },
            "label": "60-100cm",
            "values": {
              "Q0.05": 78,
              "Q0.5": 298,
              "Q0.95": 430,
              "mean": 276,
              "uncertainty": 12
            }
          },
          {
            "range": {
              "top_depth": 100,
              "bottom_depth": 200,
              "unit_depth": "cm"
            },
            "label": "100-200cm",
            "values": {
              "Q0.05": 87,
              "Q0.5": 300,
              "Q0.95": 427,
              "mean": 291,
              "uncertainty": 11
            }
          }
        ]
      },
      {
        "name": "wv1500",
        "unit_measure": {
          "d_factor": 10,
          "mapped_units": "(10-2 cm³/cm³)*10",
          "target_units": "10-2 cm³/cm³",
          "uncertainty_unit": ""
        },
        "depths": [
          {
            "range": {
              "top_depth": 0,
              "bottom_depth": 5,
              "unit_depth": "cm"
            },
            "label": "0-5cm",
            "values": {
              "Q0.05": 47,
              "Q0.5": 159,
              "Q0.95": 304,
              "mean": 170,
              "uncertainty": 16
            }
          },
          {
            "range": {
              "top_depth": 5,
              "bottom_depth": 15,
              "unit_depth": "cm"
            },
            "label": "5-15cm",
            "values": {
              "Q0.05": 59,
              "Q0.5": 164,
              "Q0.95": 306,
              "mean": 175,
              "uncertainty": 15
            }
          },
          {
            "range": {
              "top_depth": 15,
              "bottom_depth": 30,
              "unit_depth": "cm"
            },
            "label": "15-30cm",
            "values": {
              "Q0.05": 70,
              "Q0.5": 180,
              "Q0.95": 325,
              "mean": 186,
              "uncertainty": 14
            }
          },
          {
            "range": {
              "top_depth": 30,
              "bottom_depth": 60,
              "unit_depth": "cm"
            },
            "label": "30-60cm",
            "values": {
              "Q0.05": 70,
              "Q0.5": 170,
              "Q0.95": 340,
              "mean": 191,
              "uncertainty": 16
            }
          },
          {
            "range": {
              "top_depth": 60,
              "bottom_depth": 100,
              "unit_depth": "cm"
            },
            "label": "60-100cm",
            "values": {
              "Q0.05": 64,
              "Q0.5": 167,
              "Q0.95": 348,
              "mean": 192,
              "uncertainty": 17
            }
          },
          {
            "range": {
              "top_depth": 100,
              "bottom_depth": 200,
              "unit_depth": "cm"
            },
            "label": "100-200cm",
            "values": {
              "Q0.05": 74,
              "Q0.5": 180,
              "Q0.95": 355,
              "mean": 200,
              "uncertainty": 16
            }
          }
        ]
      }
    ]
  },
  "query_time_s": 20.397153854370117
}